,Model,accuracy,precision,rappel,roc
0,Regression logistique,0.820244849208719,0.8160994764397905,0.795280612244898,0.8187520411027971
1,K plus proches voisins,0.8097939683487608,0.7933207309388783,0.8029336734693877,0.8093837373523243
2,Decision Tree,0.8199462526127202,0.7884040645546921,0.8411989795918368,0.8212171203405563
3,Random Forest,0.8375634517766497,0.8196004993757803,0.8373724489795918,0.8375520302169156
